id;name;description;start_time;latitude;longitude;altitude;status;user_id;created_date;created_by;last_modified_date;last_modified_by
1;withdrawal Moldovan Leu Intelligent;Analyst Technician;2025-04-15T16:18:18;15584;29717;58879;payment Chair methodologies;2316;2025-04-15T16:23:06;withdrawal;2025-04-16T00:55:15;South Dakota
2;back-end;Turnpike Stream circuit;2025-04-15T10:39:35;76635;79916;92912;Wisconsin Pakistan Rupee proactive;77240;2025-04-15T09:56:24;zero administration;2025-04-16T03:24:35;Fresh back up Pa'anga
3;web-enabled back-end optical;Ramp;2025-04-15T11:41:11;71770;506;6225;bypass;94192;2025-04-15T20:01:50;interface;2025-04-15T08:03:21;Fantastic Intelligent Metal Shoes
4;programming;Agent;2025-04-15T21:07:34;55150;98600;11869;invoice;26223;2025-04-15T13:10:28;matrix Valley mint green;2025-04-15T08:10:37;methodical Legacy applications
5;optimize Concrete;Florida;2025-04-15T19:19:14;64811;26151;60856;copying;82613;2025-04-16T01:35:37;Rubber parse;2025-04-15T18:28:04;payment Gorgeous Frozen Bacon
6;Colombian Peso Unidad de Valor Real initiatives;Shirt;2025-04-16T01:58:10;74653;36024;85725;24/7;54973;2025-04-15T14:20:41;card Paradigm magenta;2025-04-16T02:07:50;Cambridgeshire
7;disintermediate heuristic Radial;Accountability reintermediate;2025-04-15T21:13:15;92523;60874;41811;Monaco;39261;2025-04-15T07:43:49;black fuchsia;2025-04-16T00:44:12;mesh
8;application Ergonomic Plastic Computer;Costa Rican Colon silver invoice;2025-04-15T14:51:36;35157;54526;67049;model Cotton;38695;2025-04-15T17:53:20;Internal;2025-04-15T22:00:22;Unions Checking Account
9;Surinam Dollar;Borders Bike;2025-04-15T16:45:07;55318;71111;84749;scalable;7589;2025-04-15T19:05:21;Kentucky Georgia Handmade;2025-04-15T16:54:17;SDD
10;Wells Movies;Heard Island and McDonald Islands compressing aggregate;2025-04-15T07:42:47;7593;43846;74278;Gardens Granite;66571;2025-04-15T19:14:03;platforms blue digital;2025-04-15T19:54:13;microchip
