id;task_id;action_code;param;user_id;created_date;created_by;last_modified_date;last_modified_by
1;18716;quantify Representative eyeballs;Gorgeous Wooden Sausages;60038;2025-04-15T12:22:02;adapter;2025-04-16T02:16:05;Florida Home South Africa
2;80608;Representative India;Berkshire synthesizing;49466;2025-04-15T07:50:41;invoice;2025-04-15T23:52:54;North Carolina architectures
3;96472;Sleek bus;Berkshire;83961;2025-04-15T16:42:07;Operations;2025-04-15T10:16:00;withdrawal Manager
4;90589;primary relationships purple;actuating 24/365;4460;2025-04-15T20:10:55;upward-trending overriding;2025-04-15T10:54:24;Refined
5;68889;networks cyan Forest;info-mediaries Outdoors;64500;2025-04-15T10:10:53;Buckinghamshire;2025-04-16T02:02:55;Small Granite Salad convergence
6;90346;Steel;Analyst Assistant Tanzania;15593;2025-04-15T13:50:48;hack Buckinghamshire HDD;2025-04-15T14:49:20;Grocery Central
7;40012;Games override;Concrete;16167;2025-04-15T10:48:58;United States Minor Outlying Islands lavender relationships;2025-04-15T16:37:31;Producer Landing
8;81736;deposit Fantastic West Virginia;overriding Prairie multimedia;14580;2025-04-15T12:25:01;Home Loan Account Tasty Soft Bike;2025-04-15T09:22:16;transmitting Division
9;50181;Robust payment Berkshire;pink deposit;42253;2025-04-15T13:47:16;1080p;2025-04-15T11:22:32;European Unit of Account 17(E.U.A.-17) Games back up
10;597;Baby Vision-oriented;parse USB;56493;2025-04-15T10:14:05;hard drive Fish Credit Card Account;2025-04-15T15:04:31;overriding Avon
